Workbook

Sheet Historias de Usuario
B1: Desarrollo ágil: Historias de usuario y criterios de aceptación
B2: Quality360 · Dashboard de certificación QA de historias de usuario · Capstone DuocUC — Grupo 8
B3: Leyenda: ID con prefijo F = HDU de Frontend · B = HDU de Backend. Cada HDU se desglosa en escenarios (criterios de aceptación) con formato Contexto → Evento → Resultado.
C4: Enunciado de la historia | G4: Criterios de aceptación
B5: Identificador (ID) de la historia | C5: Rol | D5: Característica / Funcionalidad | E5: Razón / Resultado | F5: Número (#) de escenario | G5: Criterio de aceptación (Título) | H5: Contexto | I5: Evento | J5: Resultado / Comportamiento esperado | K5: Epica
B6: ÉPICA 1 — ACCESO, PORTALES Y ORGANIZACIÓN QA · Autenticación, autorización por rol y ámbito, portales de inicio y administración de usuarios, roles y supervisión.
B7: E1-F01 | C7: Usuario de Quality360 | D7: Como Usuario de Quality360, quiero ingresar al portal de inicio de sesión e introducir mis credenciales | E7: Para acceder a la plataforma de forma segura | F7: 1 | G7: Formulario de ingreso | H7: El usuario accede a la pantalla de inicio de sesión. | I7: Visualiza el formulario. | J7: Se muestran los campos de correo y contraseña, con opción de mostrar u ocultar la contraseña. | K7: 1
F8: 2 | G8: Campos obligatorios | H8: El usuario deja el correo o la contraseña en blanco. | I8: Presiona Ingresar. | J8: El sistema valida los campos obligatorios y marca los que faltan sin enviar la solicitud.
F9: 3 | G9: Credenciales incorrectas | H9: El usuario ingresa credenciales válidas en formato pero incorrectas. | I9: Presiona Ingresar. | J9: Se indica que el ingreso está en proceso y luego se presenta un mensaje genérico de credenciales incorrectas, sin revelar si el correo existe.
B10: E1-F02 | C10: Quality Engineer (QE) | D10: Como Quality Engineer (QE), quiero ingresar al portal del QE después de iniciar sesión | E10: Para acceder a las funciones de supervisión de mi equipo | F10: 1 | G10: Redirección al portal QE | H10: El usuario tiene rol QE y credenciales válidas. | I10: Inicia sesión. | J10: Es dirigido a su portal, que muestra su identidad y la navegación de supervisión. | K10: 1
F11: 2 | G11: Acceso a ruta de otro rol | H11: El QE está autenticado. | I11: Intenta abrir una ruta administrativa o de analista. | J11: Se presenta acceso denegado o se redirige al portal autorizado.
F12: 3 | G12: Navegación disponible | H12: El QE está en su portal. | I12: Revisa el menú. | J12: Solo aparecen opciones de supervisión (equipo, historias supervisadas, perfil, cerrar sesión).
B13: E1-F03 | C13: Quality Engineer (QE) | D13: Como Quality Engineer (QE), quiero ver mi panel de inicio con un resumen de mis analistas e historias bajo supervisión | E13: Para identificar mi ámbito de trabajo y acceder a su seguimiento | F13: 1 | G13: Resumen con datos | H13: El QE tiene analistas e historias asignadas. | I13: Ingresa al panel de inicio. | J13: Se muestra la cantidad de analistas supervisados y de HDU bajo supervisión, con acceso a ambos listados. | K13: 1
F14: 2 | G14: Sin datos | H14: El QE no tiene analistas ni historias asignadas. | I14: Ingresa al panel de inicio. | J14: Se informa explícitamente la ausencia de datos, sin mostrar cifras ficticias.
F15: 3 | G15: Error de consulta | H15: El servicio de resumen no responde. | I15: Ingresa al panel de inicio. | J15: Se diferencia el estado de error del estado de carga y de la ausencia de datos, con opción de reintentar.
B16: E1-F04 | C16: Quality Engineer (QE) | D16: Como Quality Engineer (QE), quiero consultar el listado de analistas QA que superviso | E16: Para reconocer los integrantes de mi equipo | F16: 1 | G16: Listado vigente | H16: El QE tiene relaciones de supervisión vigentes. | I16: Abre la sección de analistas. | J16: Se muestran únicamente los analistas con supervisión vigente, identificados por nombre y correo. | K16: 1
F17: 2 | G17: Relaciones finalizadas | H17: Un analista fue reasignado a otro QE. | I17: Abre la sección de analistas. | J17: El analista reasignado no aparece en el listado.
F18: 3 | G18: Sin analistas | H18: El QE no tiene analistas asignados. | I18: Abre la sección de analistas. | J18: Se informa que no hay analistas asignados.
B19: E1-F05 | C19: Analista QA | D19: Como Analista QA, quiero ingresar al portal del QA después de iniciar sesión | E19: Para acceder a las funciones correspondientes a mi trabajo de certificación | F19: 1 | G19: Redirección al portal QA | H19: El usuario tiene rol Analista QA. | I19: Inicia sesión. | J19: Es dirigido a su portal, con su identidad y la navegación correspondiente. | K19: 1
F20: 2 | G20: Sin funciones administrativas | H20: El analista está en su portal. | I20: Revisa el menú y las rutas. | J20: No se presentan funciones administrativas ni de supervisión.
F21: 3 | G21: Ruta no autorizada | H21: El analista está autenticado. | I21: Intenta abrir una ruta de QE o Administrador. | J21: Se presenta acceso denegado o se redirige a su portal.
B22: E1-F06 | C22: Analista QA | D22: Como Analista QA, quiero ver mi panel de inicio con mi QE supervisor y un resumen de mis historias asignadas | E22: Para identificar mis responsabilidades y a quién acudir ante un impedimento | F22: 1 | G22: Panel con supervisor e historias | H22: El analista tiene QE vigente e historias asignadas. | I22: Ingresa al panel de inicio. | J22: Se muestra el nombre del QE supervisor y la cantidad de HDU asignadas, con acceso a sus historias. | K22: 1
F23: 2 | G23: Sin supervisor | H23: El analista no tiene QE vigente. | I23: Ingresa al panel de inicio. | J23: Se informa que no tiene supervisor asignado.
F24: 3 | G24: Conteo no disponible | H24: La capacidad de HDU (E2) aún no está habilitada. | I24: Ingresa al panel de inicio. | J24: El portal indica que el conteo de historias todavía no está disponible.
B25: E1-F07 | C25: Administrador | D25: Como Administrador, quiero ingresar al portal de administración después de iniciar sesión | E25: Para acceder a la configuración de usuarios y organización QA | F25: 1 | G25: Redirección al portal administrativo | H25: El usuario tiene rol Administrador. | I25: Inicia sesión. | J25: Es dirigido a su portal con los accesos administrativos habilitados. | K25: 1
F26: 2 | G26: Accesos habilitados | H26: El Administrador está en su portal. | I26: Revisa la navegación. | J26: Se presentan accesos a usuarios, roles y supervisión.
F27: 3 | G27: Sesión expirada | H27: La sesión del Administrador expiró. | I27: Intenta abrir el portal. | J27: Se le solicita iniciar sesión nuevamente.
B28: E1-F08 | C28: Administrador | D28: Como Administrador, quiero ver mi panel de inicio con accesos a usuarios, roles y relaciones de supervisión | E28: Para administrar la estructura de acceso de la plataforma | F28: 1 | G28: Panel administrativo | H28: El Administrador ingresa a su panel. | I28: Visualiza el panel. | J28: Se muestran accesos a gestión de usuarios, roles y supervisión. | K28: 1
F29: 2 | G29: Error de carga | H29: El servicio administrativo no responde. | I29: Ingresa al panel. | J29: Se informa el error de carga sin mostrar cifras ficticias.
F30: 3 | G30: Navegación directa | H30: El Administrador está en el panel. | I30: Selecciona un acceso. | J30: Se abre la pantalla correspondiente.
B31: E1-F09 | C31: Administrador | D31: Como Administrador, quiero utilizar una pantalla para registrar usuarios, actualizar sus datos, asignar su rol y activar o desactivar su acceso | E31: Para mantener vigente el acceso de los participantes | F31: 1 | G31: Listar y buscar | H31: Existen usuarios registrados. | I31: Abre la pantalla de usuarios y busca por nombre o correo. | J31: Se listan los usuarios y el buscador filtra los resultados. | K31: 1
F32: 2 | G32: Validación de datos | H32: El Administrador registra un usuario con datos incompletos. | I32: Guarda el formulario. | J32: Se validan los datos obligatorios y se indican los errores.
F33: 3 | G33: Confirmación de cambios sensibles | H33: El Administrador desactiva un usuario o cambia su rol. | I33: Confirma la operación. | J33: Se solicita confirmación previa y se muestra el resultado de la operación.
B34: E1-F10 | C34: Administrador | D34: Como Administrador, quiero utilizar una pantalla para asignar o cambiar el QE supervisor de un analista QA | E34: Para mantener actualizada la organización del equipo | F34: 1 | G34: Selección de analista y QE | H34: Existen analistas y QE activos. | I34: Selecciona un analista y un QE. | J34: Se muestra la relación vigente del analista antes de confirmar. | K34: 1
F35: 2 | G35: Motivo del cambio | H35: El analista ya tiene un QE vigente. | I35: Asigna un nuevo QE. | J35: Se solicita el motivo del cambio antes de guardar.
F36: 3 | G36: Historial de supervisión | H36: El analista ha tenido varios supervisores. | I36: Consulta el historial. | J36: Se muestran las relaciones anteriores con fechas y motivos.
B37: E1-F11 | C37: Usuario autenticado | D37: Como Usuario autenticado, quiero consultar mi nombre, correo y rol en la plataforma | E37: Para verificar con qué identidad y permisos estoy trabajando | F37: 1 | G37: Datos del perfil | H37: El usuario está autenticado. | I37: Abre su perfil. | J37: Se muestran su nombre, correo y rol. | K37: 1
F38: 2 | G38: Rol de solo lectura | H38: El usuario está en su perfil. | I38: Intenta modificar el rol. | J38: El rol no es editable desde el perfil personal.
F39: 3 | G39: Datos actualizados | H39: El Administrador cambió el rol del usuario. | I39: El usuario vuelve a abrir su perfil. | J39: Se refleja el rol vigente.
B40: E1-F12 | C40: Usuario autenticado | D40: Como Usuario autenticado, quiero cerrar sesión desde mi portal | E40: Para finalizar mi acceso a la plataforma | F40: 1 | G40: Opción visible | H40: El usuario está en su portal. | I40: Busca la opción de salir. | J40: La opción de cerrar sesión es visible desde cualquier pantalla. | K40: 1
F41: 2 | G41: Cierre efectivo | H41: El usuario está autenticado. | I41: Presiona Cerrar sesión. | J41: Se muestra la pantalla de inicio de sesión.
F42: 3 | G42: Navegación hacia atrás | H42: El usuario cerró sesión. | I42: Presiona volver atrás en el navegador. | J42: No se puede consultar información protegida sin autenticarse nuevamente.
B43: E1-B01 | C43: Usuario registrado | D43: Como Usuario registrado, quiero que el sistema valide mis credenciales y mi acceso activo | E43: Para iniciar una sesión segura | F43: 1 | G43: Credenciales válidas | H43: El usuario está activo y registrado en el proveedor de autenticación. | I43: Envía credenciales correctas. | J43: Se valida mediante el proveedor y se crea una sesión. | K43: 1
F44: 2 | G44: Usuario inactivo | H44: El usuario fue desactivado. | I44: Envía credenciales correctas. | J44: Se rechaza el acceso sin revelar si el correo existe.
F45: 3 | G45: Intentos repetidos | H45: Se registran múltiples intentos fallidos. | I45: Envía un nuevo intento. | J45: Se aplica protección frente a intentos repetidos de ingreso.
B46: E1-B02 | C46: Usuario autenticado | D46: Como Usuario autenticado, quiero que el sistema habilite únicamente las operaciones y los datos que me corresponden | E46: Para trabajar dentro de mis responsabilidades | F46: 1 | G46: Solicitud sin autenticación | H46: No hay sesión válida. | I46: Se invoca una operación protegida. | J46: La solicitud es rechazada. | K46: 1
F47: 2 | G47: Ámbito de analista | H47: Un QA intenta consultar datos de otro analista. | I47: Se invoca la consulta. | J47: Se impide el acceso por ámbito.
F48: 3 | G48: Ámbito de QE | H48: Un QE intenta consultar un equipo ajeno. | I48: Se invoca la consulta. | J48: Se verifica sesión, rol y ámbito y se rechaza la solicitud.
B49: E1-B03 | C49: Quality Engineer (QE) | D49: Como Quality Engineer (QE), quiero que el sistema entregue el resumen de mi equipo y de las historias bajo mi supervisión | E49: Para consultar mi situación inicial al ingresar al portal | F49: 1 | G49: Cálculo sobre datos autorizados | H49: El QE tiene equipo e historias. | I49: Solicita el resumen. | J49: Se calculan cantidades solo sobre datos autorizados del QE. | K49: 1
F50: 2 | G50: Consulta válida sin registros | H50: El QE no tiene registros. | I50: Solicita el resumen. | J50: Se devuelve cero únicamente cuando la consulta válida no encuentra registros.
F51: 3 | G51: Fuente no disponible | H51: La fuente de historias no responde. | I51: Solicita el resumen. | J51: Se informa que una fuente necesaria no está disponible.
B52: E1-B04 | C52: Quality Engineer (QE) | D52: Como Quality Engineer (QE), quiero que el sistema identifique a los analistas que superviso actualmente | E52: Para consultar la composición vigente de mi equipo | F52: 1 | G52: Relaciones vigentes | H52: Existen relaciones activas y finalizadas. | I52: Solicita su equipo. | J52: Se devuelven solo relaciones vigentes, excluyendo las finalizadas. | K52: 1
F53: 2 | G53: Restricción al QE autenticado | H53: Un QE solicita el equipo de otro QE. | I53: Invoca la consulta. | J53: Se rechaza, salvo acceso administrativo autorizado.
F54: 3 | G54: Acceso administrativo | H54: Un Administrador consulta el equipo de un QE. | I54: Invoca la consulta. | J54: Se devuelve la información por estar autorizado.
B55: E1-B05 | C55: Analista QA | D55: Como Analista QA, quiero que el sistema entregue mi supervisor vigente y el resumen de mis historias asignadas | E55: Para conocer mi ámbito de trabajo al ingresar al portal | F55: 1 | G55: Supervisor e historias | H55: El analista tiene QE vigente e historias. | I55: Solicita su resumen. | J55: Se obtiene el supervisor vigente y las historias del analista autenticado. | K55: 1
F56: 2 | G56: Ausencia de supervisor | H56: El analista no tiene QE vigente. | I56: Solicita su resumen. | J56: Se representa explícitamente la ausencia de supervisor.
F57: 3 | G57: Resumen de otro QA | H57: Un analista solicita el resumen de otro. | I57: Invoca la consulta. | J57: Se impide sin permiso.
B58: E1-B06 | C58: Administrador | D58: Como Administrador, quiero que el sistema entregue la información inicial de usuarios, roles y supervisión | E58: Para acceder a la administración de la plataforma | F58: 1 | G58: Solo acceso administrativo | H58: Un usuario no administrador solicita la información. | I58: Invoca la consulta. | J58: Se rechaza la solicitud. | K58: 1
F59: 2 | G59: Información consistente | H59: El Administrador solicita el resumen. | I59: Invoca la consulta. | J59: Se devuelve información consistente con el registro de usuarios y supervisión.
F60: 3 | G60: Datos recién modificados | H60: Se acaba de registrar un usuario. | I60: Invoca la consulta. | J60: El nuevo usuario se refleja en la información entregada.
B61: E1-B07 | C61: Administrador | D61: Como Administrador, quiero que el sistema registre usuarios y permita actualizar sus datos y estado de acceso | E61: Para mantener un registro vigente de participantes | F61: 1 | G61: Correo único | H61: Ya existe un usuario con el mismo correo. | I61: Registra un nuevo usuario. | J61: Se rechaza por unicidad del correo tras validar campos. | K61: 1
F62: 2 | G62: Identificador estable | H62: Se actualiza el correo de un usuario. | I62: Guarda los cambios. | J62: El identificador interno se mantiene estable y se coordina con el proveedor de autenticación.
F63: 3 | G63: Usuario desactivado | H63: Un usuario fue desactivado. | I63: Intenta una operación protegida. | J63: Se impiden nuevas operaciones protegidas.
B64: E1-B08 | C64: Administrador | D64: Como Administrador, quiero que el sistema permita asignar o modificar el rol de un usuario autorizado | E64: Para establecer sus responsabilidades y permisos | F64: 1 | G64: Rol definido | H64: Se envía un rol fuera del catálogo. | I64: Asigna el rol. | J64: Se aceptan únicamente roles definidos. | K64: 1
F65: 2 | G65: Último administrador | H65: Existe un solo administrador activo. | I65: Intenta cambiar su rol. | J65: Se evita dejar la plataforma sin administradores activos.
F66: 3 | G66: Relaciones incompatibles | H66: Un QE con analistas supervisados cambia a rol QA. | I66: Intenta cambiar el rol. | J66: Se exige resolver las relaciones incompatibles antes de cambiar el rol.
B67: E1-B09 | C67: Administrador | D67: Como Administrador, quiero que el sistema registre la relación entre un QE y sus analistas y conserve sus cambios | E67: Para mantener trazabilidad de la organización del equipo | F67: 1 | G67: Validación de roles | H67: Se intenta asignar como supervisor a un usuario que no es QE o inactivo. | I67: Registra la relación. | J67: Se rechaza: el supervisor debe ser QE y el supervisado QA, ambos activos. | K67: 1
F68: 2 | G68: Un QE vigente por analista | H68: El analista ya tiene un QE. | I68: Registra un nuevo QE. | J68: Se finaliza la relación anterior y se crea la nueva en una misma transacción.
F69: 3 | G69: Varios analistas por QE | H69: El QE ya supervisa analistas. | I69: Se le asigna otro analista. | J69: Se permite la relación adicional.
B70: E1-B10 | C70: Usuario autenticado | D70: Como Usuario autenticado, quiero que el sistema entregue mis datos de identidad y rol vigente | E70: Para reconocer mi perfil dentro de la plataforma | F70: 1 | G70: Identidad desde la sesión | H70: El usuario tiene sesión válida. | I70: Solicita su perfil. | J70: La identidad se obtiene desde la sesión validada. | K70: 1
F71: 2 | G71: Datos mínimos | H71: El usuario solicita su perfil. | I71: Recibe la respuesta. | J71: Se devuelven únicamente los datos necesarios.
F72: 3 | G72: Sin secretos | H72: El usuario solicita su perfil. | I72: Recibe la respuesta. | J72: No se exponen contraseñas, secretos ni credenciales.
B73: E1-B11 | C73: Usuario autenticado | D73: Como Usuario autenticado, quiero que el sistema controle la expiración y finalización de mi sesión | E73: Para impedir que mi acceso continúe cuando deje de ser válido | F73: 1 | G73: Sesión expirada | H73: La sesión superó su vigencia. | I73: Invoca una operación protegida. | J73: La solicitud es rechazada. | K73: 1
F74: 2 | G74: Cierre de sesión | H74: El usuario cierra sesión. | I74: Invoca el cierre. | J74: Se invalida la sesión de aplicación y se impide su renovación.
F75: 3 | G75: Revocación en el proveedor | H75: Se cierra la sesión. | I75: Se evalúa el proveedor de autenticación. | J75: El alcance de revocación del proveedor queda definido y probado.
B76: E1-B12 | C76: Administrador | D76: Como Administrador, quiero que el sistema registre los cambios de usuarios, roles y supervisión | E76: Para conocer quién realizó cada modificación y cuándo | F76: 1 | G76: Registro de auditoría | H76: Se modifica un usuario, rol o supervisión. | I76: Se confirma la operación. | J76: Se registra actor, fecha, operación, recurso y cambios relevantes. | K76: 1
F77: 2 | G77: Motivo en supervisión | H77: Se cambia el QE de un analista. | I77: Se confirma el cambio. | J77: Se conserva el motivo del cambio.
F78: 3 | G78: Datos sensibles | H78: Se registra un cambio de credenciales. | I78: Se genera el registro. | J78: Se excluyen contraseñas y tokens de los registros.
B80: ÉPICA 2 — GESTIÓN DE HISTORIAS DE USUARIO (HDU) · Registro, asignación, estados y consulta de las HDU bajo certificación, organizadas por célula y sprint.
B81: E2-F01 | C81: Quality Engineer (QE) | D81: Como Quality Engineer (QE), quiero registrar una nueva HDU con su identificador, título, célula, sprint y prioridad | E81: Para iniciar su seguimiento de certificación | F81: 1 | G81: Registro exitoso | H81: El QE completa el formulario con datos válidos. | I81: Presiona Guardar. | J81: La HDU se crea en estado Pendiente y aparece en el listado. | K81: 2
F82: 2 | G82: Datos obligatorios | H82: Faltan el identificador o el título. | I82: Presiona Guardar. | J82: Se indican los campos faltantes y no se crea la HDU.
F83: 3 | G83: Identificador duplicado | H83: Ya existe una HDU con el mismo identificador. | I83: Presiona Guardar. | J83: Se informa el duplicado y se solicita corregirlo.
B84: E2-F02 | C84: Quality Engineer (QE) | D84: Como Quality Engineer (QE), quiero asignar o reasignar el analista QA responsable de una HDU | E84: Para distribuir la carga de certificación en mi equipo | F84: 1 | G84: Asignación desde mi equipo | H84: El QE abre una HDU sin analista. | I84: Selecciona un analista supervisado. | J84: La HDU queda asignada y visible para ese analista. | K84: 2
F85: 2 | G85: Analista fuera del equipo | H85: El QE busca un analista que no supervisa. | I85: Despliega el selector. | J85: Solo se listan analistas de su equipo.
F86: 3 | G86: Reasignación | H86: La HDU ya tiene analista. | I86: Selecciona otro analista y confirma. | J86: Se solicita confirmación y se registra el cambio.
B87: E2-F03 | C87: Analista QA | D87: Como Analista QA, quiero ver el listado de mis HDU asignadas con filtros por célula, sprint y estado | E87: Para organizar mi trabajo de certificación | F87: 1 | G87: Listado filtrado | H87: El analista tiene HDU en varios sprints. | I87: Aplica el filtro por sprint. | J87: Se muestran solo las HDU del sprint elegido. | K87: 2
F88: 2 | G88: Sin resultados | H88: Ningún registro cumple los filtros. | I88: Aplica los filtros. | J88: Se informa que no hay HDU con esos criterios.
F89: 3 | G89: Solo mis historias | H89: El analista consulta el listado. | I89: Visualiza los resultados. | J89: Solo aparecen HDU asignadas a él.
B90: E2-F04 | C90: Usuario autenticado | D90: Como Usuario autenticado, quiero ver el detalle de una HDU con su información, responsables, estado y avance | E90: Para conocer su situación completa | F90: 1 | G90: Detalle completo | H90: El usuario tiene acceso a la HDU. | I90: Abre el detalle. | J90: Se muestran datos, QE, analista, estado, célula, sprint y avance del checklist. | K90: 2
F91: 2 | G91: HDU sin acceso | H91: El usuario no está relacionado con la HDU. | I91: Intenta abrir el detalle. | J91: Se presenta acceso denegado.
F92: 3 | G92: Cambio de estado | H92: El usuario autorizado está en el detalle. | I92: Cambia el estado a uno válido. | J92: Se actualiza el estado y se muestra la fecha del cambio.
B93: E2-B01 | C93: Quality Engineer (QE) | D93: Como Quality Engineer (QE), quiero que el sistema persista las HDU con sus atributos y relaciones | E93: Para mantener un registro único y trazable | F93: 1 | G93: Creación persistente | H93: Se recibe una HDU válida. | I93: Se procesa la creación. | J93: Se almacena con célula, sprint, prioridad, QE creador y fecha. | K93: 2
F94: 2 | G94: Validación de esquema | H94: Se reciben datos inválidos. | I94: Se procesa la solicitud. | J94: Se rechaza indicando los errores de validación.
F95: 3 | G95: Unicidad | H95: El identificador ya existe. | I95: Se procesa la creación. | J95: Se rechaza por duplicidad.
B96: E2-B02 | C96: Quality Engineer (QE) | D96: Como Quality Engineer (QE), quiero que el sistema valide las transiciones de estado de una HDU | E96: Para respetar el orden del proceso de certificación | F96: 1 | G96: Transición válida | H96: La HDU está en Pendiente. | I96: Se solicita pasar a Diseño de pruebas. | J96: Se acepta y registra la transición. | K96: 2
F97: 2 | G97: Transición inválida | H97: La HDU está en Pendiente. | I97: Se solicita pasar a Cerrada. | J97: Se rechaza indicando las transiciones permitidas.
F98: 3 | G98: Cierre con checklist incompleto | H98: Faltan entregables por completar. | I98: Se solicita el estado Cerrada. | J98: Se rechaza hasta completar el checklist.
B99: E2-B03 | C99: Analista QA | D99: Como Analista QA, quiero que el sistema filtre las HDU según mi rol y asignación | E99: Para trabajar solo con las historias que me corresponden | F99: 1 | G99: Analista | H99: Un QA consulta el listado. | I99: Se procesa la consulta. | J99: Se devuelven solo HDU con analistaId igual al usuario. | K99: 2
F100: 2 | G100: QE | H100: Un QE consulta el listado. | I100: Se procesa la consulta. | J100: Se devuelven HDU donde es responsable o de sus analistas.
F101: 3 | G101: Administrador | H101: Un Administrador consulta el listado. | I101: Se procesa la consulta. | J101: Se devuelven todas las HDU.
...

Sheet Épicas
B1: Quality360 · Épicas del producto
B2: Resumen de épicas y cantidad de HDU. Los conteos se calculan desde la hoja Historias de Usuario.
B4: Épica | C4: Nombre | D4: Descripción | E4: HDU Frontend | F4: HDU Backend | G4: Total HDU
B5: 1 | C5: Acceso, portales y organización QA | D5: Autenticación, autorización por rol y ámbito, portales de inicio y administración de usuarios, roles y supervisión. | E5: =COUNTIF('Historias de Usuario'!$B:$B,"E1-F*") -> 12 | F5: =COUNTIF('Historias de Usuario'!$B:$B,"E1-B*") -> 12 | G5: =E5+F5 -> 24
B6: 2 | C6: Gestión de historias de usuario (HDU) | D6: Registro, asignación, estados y consulta de las HDU bajo certificación, organizadas por célula y sprint. | E6: =COUNTIF('Historias de Usuario'!$B:$B,"E2-F*") -> 4 | F6: =COUNTIF('Historias de Usuario'!$B:$B,"E2-B*") -> 4 | G6: =E6+F6 -> 8
B7: 3 | C7: Certificación y entregables | D7: Checklist de 10 entregables con trazabilidad (quién/cuándo), evidencias y generación del certificado de cierre. | E7: =COUNTIF('Historias de Usuario'!$B:$B,"E3-F*") -> 4 | F7: =COUNTIF('Historias de Usuario'!$B:$B,"E3-B*") -> 4 | G7: =E7+F7 -> 8
B8: 4 | C8: Impedimentos y riesgos | D8: Registro, seguimiento y resolución de impedimentos; clasificación del nivel de riesgo de cada HDU. | E8: =COUNTIF('Historias de Usuario'!$B:$B,"E4-F*") -> 4 | F8: =COUNTIF('Historias de Usuario'!$B:$B,"E4-B*") -> 4 | G8: =E8+F8 -> 8
B9: 5 | C9: Integración con Jira Cloud | D9: Sincronización de lectura de HDU desde Jira Cloud e importación alternativa por CSV/JSON. | E9: =COUNTIF('Historias de Usuario'!$B:$B,"E5-F*") -> 4 | F9: =COUNTIF('Historias de Usuario'!$B:$B,"E5-B*") -> 4 | G9: =E9+F9 -> 8
B10: 6 | C10: Indicadores y dashboards | D10: Dashboards de cumplimiento, avance, riesgos, impedimentos y carga de trabajo para la supervisión del QE. | E10: =COUNTIF('Historias de Usuario'!$B:$B,"E6-F*") -> 4 | F10: =COUNTIF('Historias de Usuario'!$B:$B,"E6-B*") -> 4 | G10: =E10+F10 -> 8
B11: Total | E11: =SUM(E5:E10) -> 32 | F11: =SUM(F5:F10) -> 32 | G11: =SUM(G5:G10) -> 64

Sheet Relación Front-Back
B1: Relación entre HDU de Frontend y Backend
B2: Cada funcionalidad visible por el usuario se sostiene en las reglas de backend que la hacen posible.
B4: Épica | C4: Funcionalidad | D4: HDU Frontend | E4: HDU Backend
B5: E1 | C5: Inicio de sesión | D5: E1-F01 | E5: E1-B01, E1-B02
C6: Portal e inicio del QE | D6: E1-F02, E1-F03 | E6: E1-B02, E1-B03
C7: Equipo supervisado | D7: E1-F04 | E7: E1-B04
C8: Portal e inicio del QA | D8: E1-F05, E1-F06 | E8: E1-B02, E1-B05
C9: Portal e inicio administrativo | D9: E1-F07, E1-F08 | E9: E1-B02, E1-B06
C10: Usuarios y roles | D10: E1-F09 | E10: E1-B07, E1-B08, E1-B12
C11: Supervisión | D11: E1-F10 | E11: E1-B09, E1-B12
C12: Perfil | D12: E1-F11 | E12: E1-B10
C13: Cierre de sesión | D13: E1-F12 | E13: E1-B11
B15: E2 | C15: Registro de HDU | D15: E2-F01 | E15: E2-B01
C16: Asignación de analista | D16: E2-F02 | E16: E2-B03, E2-B04
C17: Listado y filtros | D17: E2-F03 | E17: E2-B03
C18: Detalle y estados | D18: E2-F04 | E18: E2-B02, E2-B04
B20: E3 | C20: Checklist de entregables | D20: E3-F01, E3-F02 | E20: E3-B01, E3-B02
C21: Aprobación del QE | D21: E3-F03 | E21: E3-B02, E3-B04
C22: Certificado | D22: E3-F04 | E22: E3-B03, E3-B04
B24: E4 | C24: Registro de impedimentos | D24: E4-F01 | E24: E4-B01
C25: Gestión de impedimentos | D25: E4-F02, E4-F03 | E25: E4-B02, E4-B04
C26: Nivel de riesgo | D26: E4-F04 | E26: E4-B03, E4-B04
B28: E5 | C28: Configuración Jira | D28: E5-F01 | E28: E5-B01
C29: Sincronización Jira | D29: E5-F02 | E29: E5-B02, E5-B04
C30: Importación CSV/JSON | D30: E5-F03 | E30: E5-B03, E5-B04
C31: Historial de integración | D31: E5-F04 | E31: E5-B04
B33: E6 | C33: Dashboard de cumplimiento | D33: E6-F01 | E33: E6-B01
C34: Semáforo y carga | D34: E6-F02, E6-F03 | E34: E6-B02
C35: Tendencia y exportación | D35: E6-F04 | E35: E6-B03, E6-B04

Sheet Instructivo
B1: Historias de usuario y criterios de aceptación: Instructivo
B4: Columna | C4: Instrucciones
B5: Identificador (ID) de la historia | C5: Código que identifica unívocamente a la historia en el proyecto que se esté desarrollando. El formato debe ser elegido por el equipo.
B6: Rol | C6: Es el rol que está desempeñando el usuario cuando utiliza la funcionalidad que se está describiendo. Debe ser lo más especifico posible, describiendo el rol o actor que se está desempeñando. El enunciado puede escribirse como se sigue: Yo como un [Rol], desempeñando el rol de [Rol], como un [Rol], entre otros. Por ejemplo: Yo como cliente registrado. Desempeñando el rol de cliente registrado. Como un cliente registrado.
B7: Característica / Funcionalidad | C7: Representa la función que el rol quiere o necesita hacer en el sistema que se está desarrollando. Puede diferenciarse entre acciones obligatorias u opcionales, utilizando la palabra puede o necesita para describir la acción. Por ejemplo: Necesito realizar búsquedas de productos por categorías. Puedo seleccionar una categoría para ver el número de productos que tiene asociado.
B8: Razón / Resultado | C8: Lo que el rol necesita lograr al ejecutar la acción. Este es el resultado de ejecutar la acción desde el punto de vista del rol. Este punto puede ser opcional, pues la historia puede documentarse sólo con la definición del rol y la acción (sin definir la consecuencia).
B9: Número (#) de escenario | C9: Número (ejemplo 1, 2, 3 ó 4), que identifica al escenario asociado a la historia.
B10: Criterio de aceptación (título) | C10: Describe el contexto del escenario que define un comportamiento. Por ejemplo, si se toma el ejemplo de búsquedas de productos por categoría, un posible ejemplo pudiera ser: Categoría sin productos asociados.
B11: Contexto | C11: Proporciona mayor descripción sobre las condiciones que desencadenan el escenario.
B12: Evento | C12: Representa la acción que el usuario ejecuta, en el contexto definido para el escenario.
B13: Resultado / Comportamiento esperado | C13: Dado el contexto y la acción ejecutada por el usuario, la consecuencia es el comportamiento del sistema en esa situación.
B14: Epica | C14: Número de la épica a la que pertenece la historia. Ver hoja Épicas para nombre y descripción de cada una.
